Datetime (UTC),Country,Zone name,Zone id,Carbon intensity gCOâ‚‚eq/kWh (direct),Carbon intensity gCOâ‚‚eq/kWh (Life cycle),Carbon-free energy percentage (CFE%),Renewable energy percentage (RE%),Data source,Data estimated,Data estimation method
2024-01-01 00:00:00,Spain,Spain,ES,75.49,105.77,84.17,51.84,entsoe.eu,false,
2024-01-02 00:00:00,Spain,Spain,ES,57.29,83.37,88.31,62.50,entsoe.eu,false,
2024-01-03 00:00:00,Spain,Spain,ES,66.85,94.06,86.42,59.05,entsoe.eu,false,
2024-01-04 00:00:00,Spain,Spain,ES,93.18,124.39,81.15,51.04,entsoe.eu,false,
2024-01-05 00:00:00,Spain,Spain,ES,63.46,90.78,87.33,64.16,entsoe.eu,false,
2024-01-06 00:00:00,Spain,Spain,ES,61.60,88.72,87.62,64.80,entsoe.eu,false,
2024-01-07 00:00:00,Spain,Spain,ES,67.67,97.44,86.06,61.98,entsoe.eu,false,
2024-01-08 00:00:00,Spain,Spain,ES,121.90,162.13,73.91,52.05,entsoe.eu,false,
2024-01-09 00:00:00,Spain,Spain,ES,194.16,251.79,56.84,33.79,entsoe.eu,false,
2024-01-10 00:00:00,Spain,Spain,ES,170.77,223.26,62.27,40.81,entsoe.eu,false,
2024-01-11 00:00:00,Spain,Spain,ES,146.90,194.68,67.80,46.77,entsoe.eu,false,
2024-01-12 00:00:00,Spain,Spain,ES,142.79,189.95,68.97,47.48,entsoe.eu,false,
2024-01-13 00:00:00,Spain,Spain,ES,100.33,137.49,78.62,54.78,entsoe.eu,false,
2024-01-14 00:00:00,Spain,Spain,ES,76.02,108.04,84.13,62.02,entsoe.eu,false,
2024-01-15 00:00:00,Spain,Spain,ES,96.44,131.76,79.55,59.90,entsoe.eu,false,
2024-01-16 00:00:00,Spain,Spain,ES,74.15,105.65,84.32,65.40,entsoe.eu,false,
2024-01-17 00:00:00,Spain,Spain,ES,44.88,68.62,91.18,72.99,entsoe.eu,false,
2024-01-18 00:00:00,Spain,Spain,ES,70.95,99.86,85.43,65.75,entsoe.eu,false,
2024-01-19 00:00:00,Spain,Spain,ES,72.54,100.97,85.47,64.12,entsoe.eu,false,
2024-01-20 00:00:00,Spain,Spain,ES,87.01,120.47,82.02,56.25,entsoe.eu,false,
2024-01-21 00:00:00,Spain,Spain,ES,81.57,114.88,82.74,55.18,entsoe.eu,false,
2024-01-22 00:00:00,Spain,Spain,ES,76.88,108.44,83.83,59.97,entsoe.eu,false,
2024-01-23 00:00:00,Spain,Spain,ES,110.84,149.21,76.76,52.88,entsoe.eu,false,
2024-01-24 00:00:00,Spain,Spain,ES,110.25,147.92,77.30,50.38,entsoe.eu,false,
2024-01-25 00:00:00,Spain,Spain,ES,117.75,156.23,75.77,50.50,entsoe.eu,false,
2024-01-26 00:00:00,Spain,Spain,ES,106.33,141.62,78.37,50.03,entsoe.eu,false,
2024-01-27 00:00:00,Spain,Spain,ES,88.39,122.64,81.59,53.59,entsoe.eu,false,
2024-01-28 00:00:00,Spain,Spain,ES,75.15,106.95,84.15,57.70,entsoe.eu,false,
2024-01-29 00:00:00,Spain,Spain,ES,105.94,141.31,78.27,52.50,entsoe.eu,false,
2024-01-30 00:00:00,Spain,Spain,ES,123.55,163.03,74.83,48.52,entsoe.eu,false,
2024-01-31 00:00:00,Spain,Spain,ES,123.12,163.35,74.80,49.82,entsoe.eu,false,
2024-02-01 00:00:00,Spain,Spain,ES,91.42,126.22,81.24,57.12,entsoe.eu,false,
2024-02-02 00:00:00,Spain,Spain,ES,76.59,108.17,84.45,60.37,entsoe.eu,false,
2024-02-03 00:00:00,Spain,Spain,ES,84.08,118.60,82.45,50.69,entsoe.eu,false,
2024-02-04 00:00:00,Spain,Spain,ES,102.28,140.99,78.11,43.91,entsoe.eu,false,
2024-02-05 00:00:00,Spain,Spain,ES,128.29,171.04,72.40,42.82,entsoe.eu,false,
2024-02-06 00:00:00,Spain,Spain,ES,89.34,122.90,81.46,52.08,entsoe.eu,false,
2024-02-07 00:00:00,Spain,Spain,ES,66.93,94.43,86.54,63.68,entsoe.eu,false,
2024-02-08 00:00:00,Spain,Spain,ES,64.76,91.17,86.99,65.40,entsoe.eu,false,
2024-02-09 00:00:00,Spain,Spain,ES,63.93,89.79,87.28,65.49,entsoe.eu,false,
2024-02-10 00:00:00,Spain,Spain,ES,39.40,61.67,92.20,72.07,entsoe.eu,false,
2024-02-11 00:00:00,Spain,Spain,ES,59.12,84.56,88.11,64.51,entsoe.eu,false,
2024-02-12 00:00:00,Spain,Spain,ES,61.84,88.66,87.60,66.90,entsoe.eu,false,
2024-02-13 00:00:00,Spain,Spain,ES,91.54,125.31,81.14,59.84,entsoe.eu,false,
2024-02-14 00:00:00,Spain,Spain,ES,91.94,124.81,81.47,60.71,entsoe.eu,false,
2024-02-15 00:00:00,Spain,Spain,ES,79.43,110.67,83.59,62.33,entsoe.eu,false,
2024-02-16 00:00:00,Spain,Spain,ES,76.81,108.23,84.06,61.76,entsoe.eu,false,
2024-02-17 00:00:00,Spain,Spain,ES,78.98,110.57,84.06,58.63,entsoe.eu,false,
2024-02-18 00:00:00,Spain,Spain,ES,85.28,120.02,82.12,53.59,entsoe.eu,false,
2024-02-19 00:00:00,Spain,Spain,ES,79.11,112.00,83.50,60.93,entsoe.eu,false,
2024-02-20 00:00:00,Spain,Spain,ES,90.13,124.96,81.19,57.76,entsoe.eu,false,
2024-02-21 00:00:00,Spain,Spain,ES,85.79,116.76,83.22,60.18,entsoe.eu,false,
2024-02-22 00:00:00,Spain,Spain,ES,53.35,79.09,89.53,71.60,entsoe.eu,false,
2024-02-23 00:00:00,Spain,Spain,ES,49.52,72.80,90.84,73.69,entsoe.eu,false,
2024-02-24 00:00:00,Spain,Spain,ES,50.40,75.82,89.86,72.65,entsoe.eu,false,
2024-02-25 00:00:00,Spain,Spain,ES,51.40,77.45,89.44,73.20,entsoe.eu,false,
2024-02-26 00:00:00,Spain,Spain,ES,53.25,78.87,89.36,74.15,entsoe.eu,false,
2024-02-27 00:00:00,Spain,Spain,ES,52.84,78.26,89.70,74.37,entsoe.eu,false,
2024-02-28 00:00:00,Spain,Spain,ES,64.68,92.60,87.18,70.08,entsoe.eu,false,
2024-02-29 00:00:00,Spain,Spain,ES,52.35,77.77,90.02,72.19,entsoe.eu,false,
2024-03-01 00:00:00,Spain,Spain,ES,47.03,71.41,91.11,72.94,entsoe.eu,false,
2024-03-02 00:00:00,Spain,Spain,ES,46.53,70.63,91.02,73.74,entsoe.eu,false,
2024-03-03 00:00:00,Spain,Spain,ES,49.73,74.21,90.40,73.32,entsoe.eu,false,
2024-03-04 00:00:00,Spain,Spain,ES,52.29,76.56,89.88,73.80,entsoe.eu,false,
2024-03-05 00:00:00,Spain,Spain,ES,81.02,112.15,83.88,65.71,entsoe.eu,false,
2024-03-06 00:00:00,Spain,Spain,ES,84.51,115.37,83.43,63.38,entsoe.eu,false,
2024-03-07 00:00:00,Spain,Spain,ES,48.20,72.92,90.36,71.30,entsoe.eu,false,
2024-03-08 00:00:00,Spain,Spain,ES,42.08,65.81,91.92,73.80,entsoe.eu,false,
2024-03-09 00:00:00,Spain,Spain,ES,48.39,73.29,90.51,75.38,entsoe.eu,false,
2024-03-10 00:00:00,Spain,Spain,ES,55.60,83.64,88.69,75.00,entsoe.eu,false,
2024-03-11 00:00:00,Spain,Spain,ES,68.38,98.54,85.89,73.86,entsoe.eu,false,
2024-03-12 00:00:00,Spain,Spain,ES,100.30,136.32,79.78,66.61,entsoe.eu,false,
2024-03-13 00:00:00,Spain,Spain,ES,104.94,142.15,78.70,65.74,entsoe.eu,false,
2024-03-14 00:00:00,Spain,Spain,ES,87.79,121.54,82.38,69.96,entsoe.eu,false,
2024-03-15 00:00:00,Spain,Spain,ES,85.89,119.90,82.35,68.84,entsoe.eu,false,
2024-03-16 00:00:00,Spain,Spain,ES,86.81,121.19,82.30,69.12,entsoe.eu,false,
2024-03-17 00:00:00,Spain,Spain,ES,90.28,126.24,81.04,64.49,entsoe.eu,false,
2024-03-18 00:00:00,Spain,Spain,ES,113.90,153.96,75.86,57.68,entsoe.eu,false,
2024-03-19 00:00:00,Spain,Spain,ES,112.47,151.97,76.30,59.41,entsoe.eu,false,
2024-03-20 00:00:00,Spain,Spain,ES,92.29,126.73,81.14,64.94,entsoe.eu,false,
2024-03-21 00:00:00,Spain,Spain,ES,75.93,108.00,84.33,68.77,entsoe.eu,false,
2024-03-22 00:00:00,Spain,Spain,ES,77.52,109.82,84.26,68.31,entsoe.eu,false,
2024-03-23 00:00:00,Spain,Spain,ES,52.83,81.83,89.05,72.13,entsoe.eu,false,
2024-03-24 00:00:00,Spain,Spain,ES,65.43,96.97,86.52,68.01,entsoe.eu,false,
2024-03-25 00:00:00,Spain,Spain,ES,74.02,104.27,85.21,68.69,entsoe.eu,false,
2024-03-26 00:00:00,Spain,Spain,ES,55.40,82.76,88.94,73.11,entsoe.eu,false,
2024-03-27 00:00:00,Spain,Spain,ES,44.79,70.18,91.17,74.41,entsoe.eu,false,
2024-03-28 00:00:00,Spain,Spain,ES,43.46,69.17,91.42,72.88,entsoe.eu,false,
2024-03-29 00:00:00,Spain,Spain,ES,58.30,86.72,88.21,68.40,entsoe.eu,false,
2024-03-30 00:00:00,Spain,Spain,ES,61.96,91.98,87.19,67.80,entsoe.eu,false,
2024-03-31 00:00:00,Spain,Spain,ES,55.07,83.84,88.52,70.73,entsoe.eu,false,
2024-04-01 00:00:00,Spain,Spain,ES,56.15,85.00,88.84,72.13,entsoe.eu,false,
2024-04-02 00:00:00,Spain,Spain,ES,64.27,93.31,87.39,71.46,entsoe.eu,false,
2024-04-03 00:00:00,Spain,Spain,ES,66.57,96.08,86.84,70.11,entsoe.eu,false,
2024-04-04 00:00:00,Spain,Spain,ES,66.57,96.47,86.88,68.49,entsoe.eu,false,
2024-04-05 00:00:00,Spain,Spain,ES,51.08,78.60,90.01,71.94,entsoe.eu,false,
2024-04-06 00:00:00,Spain,Spain,ES,52.11,78.66,89.73,67.81,entsoe.eu,false,
2024-04-07 00:00:00,Spain,Spain,ES,68.62,99.08,86.28,65.09,entsoe.eu,false,
2024-04-08 00:00:00,Spain,Spain,ES,59.31,88.63,88.00,72.37,entsoe.eu,false,
2024-04-09 00:00:00,Spain,Spain,ES,66.71,96.95,86.70,70.72,entsoe.eu,false,
2024-04-10 00:00:00,Spain,Spain,ES,73.74,104.37,85.24,70.29,entsoe.eu,false,
2024-04-11 00:00:00,Spain,Spain,ES,73.11,103.87,85.56,70.16,entsoe.eu,false,
2024-04-12 00:00:00,Spain,Spain,ES,82.29,114.30,83.82,66.42,entsoe.eu,false,
2024-04-13 00:00:00,Spain,Spain,ES,75.25,106.72,85.09,63.39,entsoe.eu,false,
2024-04-14 00:00:00,Spain,Spain,ES,70.10,100.48,86.19,62.23,entsoe.eu,false,
2024-04-15 00:00:00,Spain,Spain,ES,65.56,94.46,87.26,67.21,entsoe.eu,false,
2024-04-16 00:00:00,Spain,Spain,ES,63.45,91.98,87.66,69.14,entsoe.eu,false,
2024-04-17 00:00:00,Spain,Spain,ES,58.84,86.05,88.80,71.21,entsoe.eu,false,
2024-04-18 00:00:00,Spain,Spain,ES,54.35,80.41,89.99,72.66,entsoe.eu,false,
2024-04-19 00:00:00,Spain,Spain,ES,66.31,93.50,87.95,69.23,entsoe.eu,false,
2024-04-20 00:00:00,Spain,Spain,ES,52.88,78.75,90.03,70.74,entsoe.eu,false,
2024-04-21 00:00:00,Spain,Spain,ES,55.29,84.47,88.68,68.51,entsoe.eu,false,
2024-04-22 00:00:00,Spain,Spain,ES,51.59,77.99,90.29,72.57,entsoe.eu,false,
2024-04-23 00:00:00,Spain,Spain,ES,53.20,79.89,90.10,72.87,entsoe.eu,false,
2024-04-24 00:00:00,Spain,Spain,ES,64.36,92.34,87.93,71.07,entsoe.eu,false,
2024-04-25 00:00:00,Spain,Spain,ES,84.40,115.41,83.97,66.07,entsoe.eu,false,
2024-04-26 00:00:00,Spain,Spain,ES,89.03,122.17,82.58,65.90,entsoe.eu,false,
2024-04-27 00:00:00,Spain,Spain,ES,67.79,98.21,86.63,70.10,entsoe.eu,false,
2024-04-28 00:00:00,Spain,Spain,ES,88.55,124.26,82.08,60.30,entsoe.eu,false,
2024-04-29 00:00:00,Spain,Spain,ES,107.25,145.62,78.08,61.52,entsoe.eu,false,
2024-04-30 00:00:00,Spain,Spain,ES,82.08,115.73,83.46,66.17,entsoe.eu,false,
2024-05-01 00:00:00,Spain,Spain,ES,60.62,90.56,87.59,68.97,entsoe.eu,false,
2024-05-02 00:00:00,Spain,Spain,ES,64.34,94.01,87.15,69.67,entsoe.eu,false,
2024-05-03 00:00:00,Spain,Spain,ES,66.39,95.83,87.05,69.65,entsoe.eu,false,
2024-05-04 00:00:00,Spain,Spain,ES,61.82,90.17,88.05,71.64,entsoe.eu,false,
2024-05-05 00:00:00,Spain,Spain,ES,74.49,105.06,85.30,66.88,entsoe.eu,false,
2024-05-06 00:00:00,Spain,Spain,ES,88.83,122.16,82.21,65.97,entsoe.eu,false,
2024-05-07 00:00:00,Spain,Spain,ES,75.33,108.72,84.51,68.17,entsoe.eu,false,
2024-05-08 00:00:00,Spain,Spain,ES,67.64,98.81,86.64,67.68,entsoe.eu,false,
2024-05-09 00:00:00,Spain,Spain,ES,70.93,101.41,86.16,61.67,entsoe.eu,false,
2024-05-10 00:00:00,Spain,Spain,ES,69.77,100.68,86.21,63.30,entsoe.eu,false,
2024-05-11 00:00:00,Spain,Spain,ES,70.20,101.80,86.19,62.04,entsoe.eu,false,
2024-05-12 00:00:00,Spain,Spain,ES,80.83,114.15,84.00,57.04,entsoe.eu,false,
2024-05-13 00:00:00,Spain,Spain,ES,66.36,96.31,87.08,66.80,entsoe.eu,false,
2024-05-14 00:00:00,Spain,Spain,ES,57.94,85.42,89.07,70.40,entsoe.eu,false,
2024-05-15 00:00:00,Spain,Spain,ES,67.51,96.75,87.30,68.24,entsoe.eu,false,
2024-05-16 00:00:00,Spain,Spain,ES,81.23,113.08,84.11,66.42,entsoe.eu,false,
2024-05-17 00:00:00,Spain,Spain,ES,91.40,126.46,81.61,62.83,entsoe.eu,false,
2024-05-18 00:00:00,Spain,Spain,ES,75.67,109.06,84.97,62.46,entsoe.eu,false,
2024-05-19 00:00:00,Spain,Spain,ES,82.11,117.23,83.35,58.46,entsoe.eu,false,
2024-05-20 00:00:00,Spain,Spain,ES,74.19,106.02,85.30,61.77,entsoe.eu,false,
2024-05-21 00:00:00,Spain,Spain,ES,72.17,103.85,85.62,63.41,entsoe.eu,false,
2024-05-22 00:00:00,Spain,Spain,ES,65.62,96.88,86.92,64.76,entsoe.eu,false,
2024-05-23 00:00:00,Spain,Spain,ES,73.03,107.39,84.90,65.86,entsoe.eu,false,
2024-05-24 00:00:00,Spain,Spain,ES,79.98,115.60,83.63,65.32,entsoe.eu,false,
2024-05-25 00:00:00,Spain,Spain,ES,74.76,108.38,85.03,65.41,entsoe.eu,false,
2024-05-26 00:00:00,Spain,Spain,ES,77.72,113.48,83.81,61.49,entsoe.eu,false,
2024-05-27 00:00:00,Spain,Spain,ES,68.12,100.82,85.97,65.86,entsoe.eu,false,
2024-05-28 00:00:00,Spain,Spain,ES,67.19,98.18,86.57,63.91,entsoe.eu,false,
2024-05-29 00:00:00,Spain,Spain,ES,74.86,108.23,84.62,64.17,entsoe.eu,false,
2024-05-30 00:00:00,Spain,Spain,ES,63.44,94.40,86.99,68.86,entsoe.eu,false,
2024-05-31 00:00:00,Spain,Spain,ES,51.84,79.50,89.68,73.77,entsoe.eu,false,
2024-06-01 00:00:00,Spain,Spain,ES,46.66,74.19,90.74,73.23,entsoe.eu,false,
2024-06-02 00:00:00,Spain,Spain,ES,48.34,75.76,90.64,72.33,entsoe.eu,false,
2024-06-03 00:00:00,Spain,Spain,ES,70.12,101.87,85.72,69.95,entsoe.eu,false,
2024-06-04 00:00:00,Spain,Spain,ES,93.62,130.46,80.64,61.71,entsoe.eu,false,
2024-06-05 00:00:00,Spain,Spain,ES,100.18,139.64,78.50,59.93,entsoe.eu,false,
2024-06-06 00:00:00,Spain,Spain,ES,84.46,119.82,82.06,63.05,entsoe.eu,false,
2024-06-07 00:00:00,Spain,Spain,ES,79.46,113.97,83.00,63.46,entsoe.eu,false,
2024-06-08 00:00:00,Spain,Spain,ES,77.96,111.75,83.75,62.71,entsoe.eu,false,
2024-06-09 00:00:00,Spain,Spain,ES,61.25,91.77,87.38,66.93,entsoe.eu,false,
2024-06-10 00:00:00,Spain,Spain,ES,70.15,101.91,85.81,65.37,entsoe.eu,false,
2024-06-11 00:00:00,Spain,Spain,ES,77.94,112.22,83.91,63.54,entsoe.eu,false,
2024-06-12 00:00:00,Spain,Spain,ES,74.18,107.14,84.91,62.60,entsoe.eu,false,
2024-06-13 00:00:00,Spain,Spain,ES,80.56,113.50,84.13,60.35,entsoe.eu,false,
2024-06-14 00:00:00,Spain,Spain,ES,64.23,93.83,87.74,65.10,entsoe.eu,false,
2024-06-15 00:00:00,Spain,Spain,ES,56.58,86.43,88.83,61.20,entsoe.eu,false,
2024-06-16 00:00:00,Spain,Spain,ES,63.31,93.20,87.77,57.88,entsoe.eu,false,
2024-06-17 00:00:00,Spain,Spain,ES,63.65,93.60,87.40,62.84,entsoe.eu,false,
2024-06-18 00:00:00,Spain,Spain,ES,73.97,105.64,85.00,57.68,entsoe.eu,false,
2024-06-19 00:00:00,Spain,Spain,ES,81.44,116.49,82.71,54.37,entsoe.eu,false,
2024-06-20 00:00:00,Spain,Spain,ES,80.44,115.68,83.08,57.95,entsoe.eu,false,
2024-06-21 00:00:00,Spain,Spain,ES,81.47,116.40,83.34,57.50,entsoe.eu,false,
2024-06-22 00:00:00,Spain,Spain,ES,65.35,96.47,87.10,60.19,entsoe.eu,false,
2024-06-23 00:00:00,Spain,Spain,ES,60.24,90.96,87.79,61.39,entsoe.eu,false,
2024-06-24 00:00:00,Spain,Spain,ES,65.90,96.66,86.91,61.94,entsoe.eu,false,
2024-06-25 00:00:00,Spain,Spain,ES,77.05,110.08,84.23,58.65,entsoe.eu,false,
2024-06-26 00:00:00,Spain,Spain,ES,85.84,121.11,81.76,56.00,entsoe.eu,false,
2024-06-27 00:00:00,Spain,Spain,ES,85.28,120.76,81.76,55.19,entsoe.eu,false,
2024-06-28 00:00:00,Spain,Spain,ES,74.74,108.69,83.92,57.82,entsoe.eu,false,
2024-06-29 00:00:00,Spain,Spain,ES,75.31,108.47,84.35,54.88,entsoe.eu,false,
2024-06-30 00:00:00,Spain,Spain,ES,77.83,113.05,83.83,53.08,entsoe.eu,false,
2024-07-01 00:00:00,Spain,Spain,ES,64.55,96.24,86.66,62.46,entsoe.eu,false,
2024-07-02 00:00:00,Spain,Spain,ES,65.85,96.79,86.62,63.47,entsoe.eu,false,
2024-07-03 00:00:00,Spain,Spain,ES,69.70,101.64,85.84,61.58,entsoe.eu,false,
2024-07-04 00:00:00,Spain,Spain,ES,67.32,99.01,86.27,61.14,entsoe.eu,false,
2024-07-05 00:00:00,Spain,Spain,ES,71.23,103.35,85.56,60.84,entsoe.eu,false,
2024-07-06 00:00:00,Spain,Spain,ES,55.14,85.53,88.56,60.48,entsoe.eu,false,
2024-07-07 00:00:00,Spain,Spain,ES,66.18,99.30,86.02,55.76,entsoe.eu,false,
2024-07-08 00:00:00,Spain,Spain,ES,72.20,104.60,85.41,60.29,entsoe.eu,false,
2024-07-09 00:00:00,Spain,Spain,ES,79.11,113.50,83.39,58.35,entsoe.eu,false,
2024-07-10 00:00:00,Spain,Spain,ES,96.47,134.53,79.47,54.29,entsoe.eu,false,
2024-07-11 00:00:00,Spain,Spain,ES,85.92,121.97,81.77,58.68,entsoe.eu,false,
2024-07-12 00:00:00,Spain,Spain,ES,72.41,105.75,84.74,64.17,entsoe.eu,false,
2024-07-13 00:00:00,Spain,Spain,ES,69.48,102.10,85.81,61.06,entsoe.eu,false,
2024-07-14 00:00:00,Spain,Spain,ES,74.95,109.44,84.42,57.60,entsoe.eu,false,
2024-07-15 00:00:00,Spain,Spain,ES,72.54,106.23,84.76,61.30,entsoe.eu,false,
2024-07-16 00:00:00,Spain,Spain,ES,84.12,120.13,82.47,56.81,entsoe.eu,false,
2024-07-17 00:00:00,Spain,Spain,ES,96.34,135.44,79.30,54.41,entsoe.eu,false,
2024-07-18 00:00:00,Spain,Spain,ES,125.07,170.12,72.37,46.93,entsoe.eu,false,
2024-07-19 00:00:00,Spain,Spain,ES,120.08,165.83,73.12,48.22,entsoe.eu,false,
2024-07-20 00:00:00,Spain,Spain,ES,70.46,103.72,85.26,60.85,entsoe.eu,false,
2024-07-21 00:00:00,Spain,Spain,ES,69.85,103.67,85.14,60.98,entsoe.eu,false,
2024-07-22 00:00:00,Spain,Spain,ES,72.24,106.08,84.75,59.61,entsoe.eu,false,
2024-07-23 00:00:00,Spain,Spain,ES,88.84,126.13,80.82,56.68,entsoe.eu,false,
2024-07-24 00:00:00,Spain,Spain,ES,97.99,137.99,78.28,55.05,entsoe.eu,false,
2024-07-25 00:00:00,Spain,Spain,ES,85.59,122.39,81.47,57.02,entsoe.eu,false,
2024-07-26 00:00:00,Spain,Spain,ES,96.94,136.11,78.97,53.43,entsoe.eu,false,
2024-07-27 00:00:00,Spain,Spain,ES,82.89,119.30,82.12,55.94,entsoe.eu,false,
2024-07-28 00:00:00,Spain,Spain,ES,75.21,109.07,83.99,57.83,entsoe.eu,false,
2024-07-29 00:00:00,Spain,Spain,ES,126.55,171.25,71.85,47.38,entsoe.eu,false,
2024-07-30 00:00:00,Spain,Spain,ES,110.59,152.88,75.30,52.54,entsoe.eu,false,
2024-07-31 00:00:00,Spain,Spain,ES,126.65,173.44,71.52,48.16,entsoe.eu,false,
2024-08-01 00:00:00,Spain,Spain,ES,118.07,162.76,73.83,50.95,entsoe.eu,false,
2024-08-02 00:00:00,Spain,Spain,ES,90.09,126.69,81.05,58.03,entsoe.eu,false,
2024-08-03 00:00:00,Spain,Spain,ES,80.41,115.52,82.78,56.52,entsoe.eu,false,
2024-08-04 00:00:00,Spain,Spain,ES,89.32,126.77,80.77,53.47,entsoe.eu,false,
2024-08-05 00:00:00,Spain,Spain,ES,101.39,142.22,77.89,50.44,entsoe.eu,false,
2024-08-06 00:00:00,Spain,Spain,ES,96.95,136.65,79.06,52.47,entsoe.eu,false,
2024-08-07 00:00:00,Spain,Spain,ES,80.94,115.65,83.08,56.51,entsoe.eu,false,
2024-08-08 00:00:00,Spain,Spain,ES,87.79,123.50,81.58,54.43,entsoe.eu,false,
2024-08-09 00:00:00,Spain,Spain,ES,90.55,127.16,80.97,54.28,entsoe.eu,false,
2024-08-10 00:00:00,Spain,Spain,ES,73.74,106.93,84.52,56.65,entsoe.eu,false,
2024-08-11 00:00:00,Spain,Spain,ES,74.56,108.12,84.51,56.54,entsoe.eu,false,
2024-08-12 00:00:00,Spain,Spain,ES,90.40,127.39,80.78,54.17,entsoe.eu,false,
2024-08-13 00:00:00,Spain,Spain,ES,93.15,129.60,80.40,52.64,entsoe.eu,false,
2024-08-14 00:00:00,Spain,Spain,ES,80.71,115.41,83.00,57.67,entsoe.eu,false,
2024-08-15 00:00:00,Spain,Spain,ES,69.22,102.45,85.34,57.77,entsoe.eu,false,
2024-08-16 00:00:00,Spain,Spain,ES,74.06,107.30,84.89,56.88,entsoe.eu,false,
2024-08-17 00:00:00,Spain,Spain,ES,75.00,108.28,84.53,56.82,entsoe.eu,false,
2024-08-18 00:00:00,Spain,Spain,ES,76.38,110.34,83.86,57.12,entsoe.eu,false,
2024-08-19 00:00:00,Spain,Spain,ES,81.56,116.52,82.70,55.97,entsoe.eu,false,
2024-08-20 00:00:00,Spain,Spain,ES,78.89,112.99,83.29,56.26,entsoe.eu,false,
2024-08-21 00:00:00,Spain,Spain,ES,84.14,118.99,82.04,55.13,entsoe.eu,false,
2024-08-22 00:00:00,Spain,Spain,ES,106.90,147.43,76.76,48.71,entsoe.eu,false,
2024-08-23 00:00:00,Spain,Spain,ES,102.31,142.08,77.70,50.06,entsoe.eu,false,
2024-08-24 00:00:00,Spain,Spain,ES,65.22,96.99,86.22,58.42,entsoe.eu,false,
2024-08-25 00:00:00,Spain,Spain,ES,62.34,93.89,86.68,57.80,entsoe.eu,false,
2024-08-26 00:00:00,Spain,Spain,ES,97.56,135.94,78.79,52.05,entsoe.eu,false,
2024-08-27 00:00:00,Spain,Spain,ES,125.12,169.36,72.33,46.48,entsoe.eu,false,
2024-08-28 00:00:00,Spain,Spain,ES,113.76,156.50,74.64,49.66,entsoe.eu,false,
2024-08-29 00:00:00,Spain,Spain,ES,116.97,161.39,73.54,48.42,entsoe.eu,false,
2024-08-30 00:00:00,Spain,Spain,ES,114.90,158.41,74.21,48.61,entsoe.eu,false,
2024-08-31 00:00:00,Spain,Spain,ES,112.63,156.22,74.73,46.45,entsoe.eu,false,
2024-09-01 00:00:00,Spain,Spain,ES,122.00,167.81,73.07,42.07,entsoe.eu,false,
2024-09-02 00:00:00,Spain,Spain,ES,121.24,164.55,74.61,48.04,entsoe.eu,false,
2024-09-03 00:00:00,Spain,Spain,ES,110.43,149.62,77.59,53.16,entsoe.eu,false,
2024-09-04 00:00:00,Spain,Spain,ES,99.71,137.30,79.79,55.23,entsoe.eu,false,
2024-09-05 00:00:00,Spain,Spain,ES,105.66,143.26,78.86,51.45,entsoe.eu,false,
2024-09-06 00:00:00,Spain,Spain,ES,96.09,131.69,80.68,55.80,entsoe.eu,false,
2024-09-07 00:00:00,Spain,Spain,ES,93.57,129.86,80.12,51.19,entsoe.eu,false,
2024-09-08 00:00:00,Spain,Spain,ES,92.63,130.65,79.77,51.06,entsoe.eu,false,
2024-09-09 00:00:00,Spain,Spain,ES,92.50,129.08,80.57,56.33,entsoe.eu,false,
2024-09-10 00:00:00,Spain,Spain,ES,95.64,131.44,80.83,56.62,entsoe.eu,false,
2024-09-11 00:00:00,Spain,Spain,ES,93.56,127.77,81.87,57.28,entsoe.eu,false,
2024-09-12 00:00:00,Spain,Spain,ES,93.24,128.10,81.58,58.13,entsoe.eu,false,
2024-09-13 00:00:00,Spain,Spain,ES,69.22,99.72,86.74,63.79,entsoe.eu,false,
2024-09-14 00:00:00,Spain,Spain,ES,62.30,92.14,87.44,59.84,entsoe.eu,false,
2024-09-15 00:00:00,Spain,Spain,ES,62.72,92.75,87.06,59.67,entsoe.eu,false,
2024-09-16 00:00:00,Spain,Spain,ES,61.41,90.02,87.73,65.10,entsoe.eu,false,
2024-09-17 00:00:00,Spain,Spain,ES,58.90,86.68,88.54,64.73,entsoe.eu,false,
2024-09-18 00:00:00,Spain,Spain,ES,91.95,127.17,80.77,54.53,entsoe.eu,false,
2024-09-19 00:00:00,Spain,Spain,ES,129.88,173.79,71.83,44.59,entsoe.eu,false,
2024-09-20 00:00:00,Spain,Spain,ES,128.48,172.34,72.02,44.16,entsoe.eu,false,
2024-09-21 00:00:00,Spain,Spain,ES,99.13,136.58,78.39,47.28,entsoe.eu,false,
2024-09-22 00:00:00,Spain,Spain,ES,100.82,139.24,78.50,45.29,entsoe.eu,false,
2024-09-23 00:00:00,Spain,Spain,ES,103.62,141.14,78.84,49.11,entsoe.eu,false,
2024-09-24 00:00:00,Spain,Spain,ES,109.09,145.80,78.11,47.46,entsoe.eu,false,
2024-09-25 00:00:00,Spain,Spain,ES,71.83,100.22,86.43,59.83,entsoe.eu,false,
2024-09-26 00:00:00,Spain,Spain,ES,59.43,85.44,89.13,66.14,entsoe.eu,false,
2024-09-27 00:00:00,Spain,Spain,ES,61.87,89.31,88.44,62.20,entsoe.eu,false,
2024-09-28 00:00:00,Spain,Spain,ES,71.69,101.89,85.66,55.07,entsoe.eu,false,
2024-09-29 00:00:00,Spain,Spain,ES,70.24,101.29,85.30,54.68,entsoe.eu,false,
2024-09-30 00:00:00,Spain,Spain,ES,102.68,141.09,78.11,49.72,entsoe.eu,false,
2024-10-01 00:00:00,Spain,Spain,ES,98.73,135.78,79.19,52.33,entsoe.eu,false,
2024-10-02 00:00:00,Spain,Spain,ES,93.23,129.73,79.77,55.94,entsoe.eu,false,
2024-10-03 00:00:00,Spain,Spain,ES,89.85,124.25,81.05,57.37,entsoe.eu,false,
2024-10-04 00:00:00,Spain,Spain,ES,107.06,145.01,77.51,52.28,entsoe.eu,false,
2024-10-05 00:00:00,Spain,Spain,ES,70.68,101.04,85.45,57.55,entsoe.eu,false,
2024-10-06 00:00:00,Spain,Spain,ES,61.86,91.66,86.89,59.65,entsoe.eu,false,
2024-10-07 00:00:00,Spain,Spain,ES,78.46,109.07,84.16,62.44,entsoe.eu,false,
2024-10-08 00:00:00,Spain,Spain,ES,57.80,84.19,88.71,67.08,entsoe.eu,false,
2024-10-09 00:00:00,Spain,Spain,ES,59.14,84.32,89.05,66.96,entsoe.eu,false,
2024-10-10 00:00:00,Spain,Spain,ES,103.40,140.58,78.60,54.38,entsoe.eu,false,
2024-10-11 00:00:00,Spain,Spain,ES,96.41,131.43,80.32,56.72,entsoe.eu,false,
2024-10-12 00:00:00,Spain,Spain,ES,79.38,111.37,83.20,54.60,entsoe.eu,false,
2024-10-13 00:00:00,Spain,Spain,ES,94.54,130.91,79.98,48.62,entsoe.eu,false,
2024-10-14 00:00:00,Spain,Spain,ES,127.06,168.20,73.28,47.32,entsoe.eu,false,
2024-10-15 00:00:00,Spain,Spain,ES,97.64,131.76,80.42,55.40,entsoe.eu,false,
2024-10-16 00:00:00,Spain,Spain,ES,81.21,110.71,84.73,60.57,entsoe.eu,false,
2024-10-17 00:00:00,Spain,Spain,ES,81.60,111.65,84.64,63.00,entsoe.eu,false,
2024-10-18 00:00:00,Spain,Spain,ES,73.29,102.38,85.60,63.74,entsoe.eu,false,
2024-10-19 00:00:00,Spain,Spain,ES,61.85,89.85,87.43,60.51,entsoe.eu,false,
2024-10-20 00:00:00,Spain,Spain,ES,79.89,112.77,83.06,54.81,entsoe.eu,false,
2024-10-21 00:00:00,Spain,Spain,ES,108.67,146.19,77.80,53.39,entsoe.eu,false,
2024-10-22 00:00:00,Spain,Spain,ES,93.41,126.50,81.73,59.50,entsoe.eu,false,
2024-10-23 00:00:00,Spain,Spain,ES,104.15,141.13,78.94,55.01,entsoe.eu,false,
2024-10-24 00:00:00,Spain,Spain,ES,87.06,119.96,82.74,59.02,entsoe.eu,false,
2024-10-25 00:00:00,Spain,Spain,ES,105.70,140.40,79.22,55.68,entsoe.eu,false,
2024-10-26 00:00:00,Spain,Spain,ES,88.22,123.28,81.18,55.27,entsoe.eu,false,
2024-10-27 00:00:00,Spain,Spain,ES,94.89,131.79,79.83,52.03,entsoe.eu,false,
2024-10-28 00:00:00,Spain,Spain,ES,87.75,121.49,82.51,61.04,entsoe.eu,false,
2024-10-29 00:00:00,Spain,Spain,ES,85.11,117.38,83.01,62.32,entsoe.eu,false,
2024-10-30 00:00:00,Spain,Spain,ES,91.20,125.33,81.41,59.90,entsoe.eu,false,
2024-10-31 00:00:00,Spain,Spain,ES,113.32,150.56,77.41,51.76,entsoe.eu,false,
2024-11-01 00:00:00,Spain,Spain,ES,109.71,147.72,77.83,49.56,entsoe.eu,false,
2024-11-02 00:00:00,Spain,Spain,ES,120.12,163.27,74.78,49.73,entsoe.eu,false,
2024-11-03 00:00:00,Spain,Spain,ES,94.08,132.18,79.69,57.40,entsoe.eu,false,
2024-11-04 00:00:00,Spain,Spain,ES,121.67,164.00,74.01,53.19,entsoe.eu,false,
2024-11-05 00:00:00,Spain,Spain,ES,156.72,207.21,66.24,43.53,entsoe.eu,false,
2024-11-06 00:00:00,Spain,Spain,ES,138.25,186.51,69.36,46.83,entsoe.eu,false,
2024-11-07 00:00:00,Spain,Spain,ES,125.88,170.89,72.15,49.86,entsoe.eu,false,
2024-11-08 00:00:00,Spain,Spain,ES,142.09,188.84,68.82,44.81,entsoe.eu,false,
2024-11-09 00:00:00,Spain,Spain,ES,113.67,155.43,75.06,51.65,entsoe.eu,false,
2024-11-10 00:00:00,Spain,Spain,ES,96.48,134.78,79.01,56.68,entsoe.eu,false,
2024-11-11 00:00:00,Spain,Spain,ES,82.59,116.47,82.49,64.01,entsoe.eu,false,
2024-11-12 00:00:00,Spain,Spain,ES,76.31,108.77,83.75,66.96,entsoe.eu,false,
2024-11-13 00:00:00,Spain,Spain,ES,103.08,139.91,78.09,60.41,entsoe.eu,false,
2024-11-14 00:00:00,Spain,Spain,ES,131.93,173.99,72.41,53.35,entsoe.eu,false,
2024-11-15 00:00:00,Spain,Spain,ES,140.35,185.08,70.47,49.41,entsoe.eu,false,
2024-11-16 00:00:00,Spain,Spain,ES,115.91,157.89,74.70,49.32,entsoe.eu,false,
2024-11-17 00:00:00,Spain,Spain,ES,131.97,179.23,70.35,40.19,entsoe.eu,false,
2024-11-18 00:00:00,Spain,Spain,ES,175.99,232.83,60.18,37.17,entsoe.eu,false,
2024-11-19 00:00:00,Spain,Spain,ES,134.65,181.54,69.98,48.31,entsoe.eu,false,
2024-11-20 00:00:00,Spain,Spain,ES,76.44,109.22,83.45,66.94,entsoe.eu,false,
2024-11-21 00:00:00,Spain,Spain,ES,68.16,98.95,85.06,69.79,entsoe.eu,false,
2024-11-22 00:00:00,Spain,Spain,ES,114.52,156.03,74.45,56.67,entsoe.eu,false,
2024-11-23 00:00:00,Spain,Spain,ES,70.82,104.20,84.67,64.40,entsoe.eu,false,
2024-11-24 00:00:00,Spain,Spain,ES,59.89,89.94,87.09,70.09,entsoe.eu,false,
2024-11-25 00:00:00,Spain,Spain,ES,102.21,139.56,78.55,60.89,entsoe.eu,false,
2024-11-26 00:00:00,Spain,Spain,ES,184.48,239.41,61.12,39.63,entsoe.eu,false,
2024-11-27 00:00:00,Spain,Spain,ES,170.91,224.34,63.62,41.19,entsoe.eu,false,
2024-11-28 00:00:00,Spain,Spain,ES,163.58,216.29,64.76,42.86,entsoe.eu,false,
2024-11-29 00:00:00,Spain,Spain,ES,145.40,192.57,69.29,46.29,entsoe.eu,false,
2024-11-30 00:00:00,Spain,Spain,ES,134.67,181.31,71.05,45.62,entsoe.eu,false,
2024-12-01 00:00:00,Spain,Spain,ES,149.72,199.53,67.45,40.84,entsoe.eu,false,
2024-12-02 00:00:00,Spain,Spain,ES,197.56,257.85,56.57,34.71,entsoe.eu,false,
2024-12-03 00:00:00,Spain,Spain,ES,177.49,235.94,59.26,40.38,entsoe.eu,false,
2024-12-04 00:00:00,Spain,Spain,ES,129.04,175.70,70.71,53.47,entsoe.eu,false,
2024-12-05 00:00:00,Spain,Spain,ES,125.26,171.47,71.62,51.29,entsoe.eu,false,
2024-12-06 00:00:00,Spain,Spain,ES,90.14,127.30,80.25,59.39,entsoe.eu,false,
2024-12-07 00:00:00,Spain,Spain,ES,61.18,91.34,86.85,67.89,entsoe.eu,false,
2024-12-08 00:00:00,Spain,Spain,ES,56.24,84.63,88.19,70.94,entsoe.eu,false,
2024-12-09 00:00:00,Spain,Spain,ES,80.16,113.50,82.78,66.42,entsoe.eu,false,
2024-12-10 00:00:00,Spain,Spain,ES,156.01,207.13,65.55,47.94,entsoe.eu,false,
2024-12-11 00:00:00,Spain,Spain,ES,227.86,293.69,50.34,33.03,entsoe.eu,false,
2024-12-12 00:00:00,Spain,Spain,ES,217.14,280.77,52.30,34.45,entsoe.eu,false,
2024-12-13 00:00:00,Spain,Spain,ES,212.63,278.93,51.21,32.41,entsoe.eu,false,
2024-12-14 00:00:00,Spain,Spain,ES,148.99,201.08,65.77,42.73,entsoe.eu,false,
2024-12-15 00:00:00,Spain,Spain,ES,103.28,143.54,77.25,54.36,entsoe.eu,false,
2024-12-16 00:00:00,Spain,Spain,ES,137.72,184.16,70.33,47.59,entsoe.eu,false,
2024-12-17 00:00:00,Spain,Spain,ES,155.96,205.95,66.55,45.36,entsoe.eu,false,
2024-12-18 00:00:00,Spain,Spain,ES,119.83,161.83,74.54,52.45,entsoe.eu,false,
2024-12-19 00:00:00,Spain,Spain,ES,73.46,105.56,84.09,63.70,entsoe.eu,false,
2024-12-20 00:00:00,Spain,Spain,ES,94.40,130.73,79.76,57.36,entsoe.eu,false,
2024-12-21 00:00:00,Spain,Spain,ES,85.54,119.26,82.27,55.41,entsoe.eu,false,
2024-12-22 00:00:00,Spain,Spain,ES,62.61,92.73,86.89,63.83,entsoe.eu,false,
2024-12-23 00:00:00,Spain,Spain,ES,63.64,92.19,87.19,67.51,entsoe.eu,false,
2024-12-24 00:00:00,Spain,Spain,ES,59.64,87.91,88.19,65.37,entsoe.eu,false,
2024-12-25 00:00:00,Spain,Spain,ES,99.56,137.19,79.00,49.00,entsoe.eu,false,
2024-12-26 00:00:00,Spain,Spain,ES,130.41,173.43,72.36,40.19,entsoe.eu,false,
2024-12-27 00:00:00,Spain,Spain,ES,131.41,175.97,71.56,42.80,entsoe.eu,false,
2024-12-28 00:00:00,Spain,Spain,ES,137.81,183.50,70.23,39.32,entsoe.eu,false,
2024-12-29 00:00:00,Spain,Spain,ES,152.59,202.51,66.52,35.00,entsoe.eu,false,
2024-12-30 00:00:00,Spain,Spain,ES,159.08,209.78,65.03,35.26,entsoe.eu,false,
2024-12-31 00:00:00,Spain,Spain,ES,155.84,206.16,65.71,33.82,entsoe.eu,false,
